Step,Time,Velocity (m/s),Ay (g),Radius (m),Body slip
0,0.17918212369603834,13.311777906230759,-1.4395489440671445,14.027611155656498,0
1,0.3340174169480914,13.311777906230759,-1.4395489440671445,10,0
2,0.4709555457818493,13.311777906230759,-1.4395489440671445,10,0
3,0.6043133143362899,13.311777906230759,-1.4395489440671445,10,0
4,0.776112225167248,13.311777906230759,-1.4395489440671445,10,0
5,0.9611566080489652,13.311777906230759,-1.4395489440671445,19.321305048248835,0
6,1.1214442002007317,13.311777906230759,-1.4395489440671445,19.632728940337614,0
7,1.2641148485145244,13.311777906230759,-1.4395489440671445,21.44056067819309,0
8,1.3937578808210853,13.311777906230759,-1.4395489440671445,25.09712480997213,0
9,1.512531256951732,13.311777906230759,-1.4395489440671445,31.727665745885048,0
10,1.6241197851801354,13.311777906230759,-1.4395489440671445,45.18407671222478,0
11,1.7307531943413053,13.311777906230759,-1.4395489440671445,87.262140535513,0
12,1.830452014968614,13.311777906230759,-1.4395489440671445,646.6516653327631,0
13,1.919539693541543,13.311777906230759,-1.4395489440671445,52.51843121452153,0
14,2.0035720776427723,13.311777906230759,-1.4395489440671445,22.318232531647965,0
15,2.107221522327012,13.311777906230759,-1.4395489440671445,11.846352443823868,0
16,2.20971851617489,13.311777906230759,-1.4395489440671445,10,0
17,2.2689318240349365,13.311777906230759,-1.4395489440671445,10,0
18,2.3436139826474367,13.311777906230759,-1.4395489440671445,10,0
19,2.4612904907243838,13.311777906230759,-1.4395489440671445,10,0
20,2.6147667461899937,13.311777906230759,-1.4395489440671445,23.29057104922736,0
21,2.7931608979518208,13.311777906230759,-1.4395489440671445,48.093721430832446,0
22,2.9676178902243544,13.311777906230759,-1.4395489440671445,75.13575574306311,0
23,3.128829112396404,13.311777906230759,-1.4395489440671445,94.58267459332914,0
24,3.2812481543759873,13.311777906230759,-1.4395489440671445,98.57709373773449,0
25,3.4258436598132844,13.311777906230759,-1.4395489440671445,85.95444862554949,0
26,3.5499041208058375,13.311777906230759,-1.4395489440671445,62.51197816541841,0
27,3.6494845975191232,13.311777906230759,-1.4395489440671445,37.02954949017428,0
28,3.7403164488612646,13.311777906230759,-1.4395489440671445,16.742574638088797,0
29,3.854322914710113,13.311777906230759,-1.4395489440671445,10,0
30,4.017276290289261,13.311777906230759,-1.686467367002603,12.476473204998932,0
31,4.158785624203726,13.311777906230759,-1.686467367002603,18.824863064602,0
32,4.273631125008703,13.311777906230759,-1.686467367002603,74.25320134653576,0
33,4.384363818098087,13.311777906230759,-1.686467367002603,10,0
34,4.501223053649352,13.311777906230759,-1.686467367002603,10,0
35,4.658151753778809,13.311777906230759,-1.686467367002603,10,0
36,4.885370353599112,13.311777906230759,-1.686467367002603,10.893526407536669,0
37,5.018504872126967,13.311777906230759,-1.686467367002603,10,0
38,5.155255015402549,13.311777906230759,-1.686467367002603,76.1854246787399,0
39,5.303742891079555,13.311777906230759,-1.4395489440671445,10,0
40,5.468740229224407,13.311777906230759,-1.4395489440671445,10,0
41,5.623889623060858,13.311777906230759,-1.4395489440671445,10,0
42,5.794610494437248,13.311777906230759,-1.4395489440671445,14.269671461716008,0
43,5.956610291919231,13.311777906230759,-1.4395489440671445,23.399845393863163,0
44,6.095492514263609,13.311777906230759,-1.4395489440671445,27.67253122215585,0
45,6.204537550224012,13.311777906230759,-1.4395489440671445,21.901560413134852,0
46,6.302560039820387,13.311777906230759,-1.4395489440671445,10,0
47,6.38788964334667,13.311777906230759,-1.4395489440671445,10,0
48,6.464608514790207,13.311777906230759,-1.4395489440671445,10,0
49,6.595228062689811,13.311777906230759,-1.4395489440671445,10,0
50,6.817078612764763,13.311777906230759,-0.9349032334034268,135.11666396619088,0
51,7.00467069409534,13.311777906230759,-0.9349032334034268,96.61074698525033,0
52,7.117015304856944,13.311777906230759,-0.9349032334034268,63.65340315958612,0
53,7.213983318881027,13.311777906230759,-0.9349032334034268,15.264699433645122,0
54,7.320625095710486,13.311777906230759,-0.9349032334034268,10,0
55,7.4467796258420655,13.4804483391813,-0.9349032334034268,10.593667593291737,0
56,7.6076529058296885,13.64703425018998,-0.9349032334034268,43.07783605439922,0
57,7.7354473239511545,13.81161106556295,-0.9349032334034268,294.9690452502538,0
58,7.8120507376041015,13.974249769733738,-0.9349032334034268,10,0
59,7.895987303632035,14.135017263074918,-0.9349032334034268,10,0
60,8.000314971310765,14.293976683482748,-1.0608560580292277,10,0
61,8.131065991458168,14.435770104191516,-1.0608560580292277,10,0
62,8.290707926469523,14.576184259750237,-1.0608560580292277,10.708399526532633,0
63,8.471156716643018,14.715258633381596,-1.0608560580292277,16.329495333246864,0
64,8.65991917790873,14.853030859741478,-1.0608560580292277,22.669767470095586,0
65,8.853516390819697,14.989536843863913,-1.0608560580292277,29.454372897408334,0
66,9.018857213167585,15.124810870443133,-1.0608560580292277,36.606253817952094,0
67,9.161265584081551,15.258885704395187,-1.0608560580292277,53.071235599842915,0
68,9.285443622379796,15.391792683534847,-1.0608560580292277,43.03199931185877,0
69,9.395774832559006,15.523561804110482,-1.0608560580292277,34.91259478505943,0
70,9.495469801680159,15.654221799858304,-1.1650855617445848,28.449182131357695,0
71,9.596544360242074,15.772805501129566,-1.1650855617445848,23.40461665106811,0
72,9.70026223950482,15.890504290102541,-1.1650855617445848,19.569572079609102,0
73,9.806162591787277,16.007337686544613,-1.1650855617445848,16.76416149371605,0
74,9.913306188768463,16.12332450297939,-1.1650855617445848,14.83991721184116,0
75,10.020912894115046,16.238482880050086,-1.1650855617445848,13.681768755567903,0
76,10.1283312445441,16.352830319641424,-1.1650855617445848,13.209430384872524,0
77,10.23552721295438,16.466383715931315,-1.1650855617445848,13.377540410340632,0
78,10.343949376470984,16.57915938452828,-1.1650855617445848,14.174146472489653,0
79,10.492282654767253,16.691173089836923,-1.1650855617445848,15.617685093861821,0
80,10.656227870186983,16.802440070781397,-1.1467050690325271,20.388673837168632,0
81,10.800438003758133,16.910171815120442,-1.1467050690325271,16.88276222037773,0
82,10.942892231340425,17.017221550581848,-1.1467050690325271,14.956232739710368,0
83,11.08194220608471,17.12360206808955,-1.1467050690325271,14.327735482009254,0
84,11.217747104122394,17.229325763679036,-1.1467050690325271,14.840607781222378,0
85,11.350028110936952,17.33440465535715,-1.1467050690325271,16.451806766482683,0
86,11.476778891215087,17.438850399047556,-1.1467050690325271,19.230077641228895,0
87,11.597348209748363,17.54267430368171,-1.1467050690325271,23.388778606545685,0
88,11.711550017682557,17.645887345490678,-1.1467050690325271,29.41063756845013,0
89,11.82189068989418,17.748500181548906,-1.1467050690325271,38.441588880806236,0
90,11.930166255966645,17.85052316261725,-1.0237520134690854,53.7185837997243,0
91,12.033780618137488,17.951922719527033,-1.0237520134690854,88.24032400572082,0
92,12.128322034937908,18.05275273958536,-1.0237520134690854,294.14951129061944,0
93,12.21362647561347,18.153022713183134,-1.0237520134690854,155.98746603730874,0
94,12.289785269501888,18.252741870033628,-1.0237520134690854,49.40877586246217,0
95,12.36285866258206,18.351919189087955,-1.0237520134690854,23.733648284307137,0
96,12.450996969777329,18.45056340797079,-1.0237520134690854,12.496740401786107,0
97,12.634214144864558,18.54868303196447,-1.0237520134690854,10,0
98,12.830805839737767,18.64628634256759,-1.0237520134690854,49.34843001621137,0
99,13.012296261384694,18.743381405652464,-1.0237520134690854,46.64958912620121,0
100,13.166155786878065,18.839976079244224,-0.8007671972587216,44.49419145653829,0
101,13.300303866149934,18.839976079244224,-0.8007671972587216,42.83001456364532,0
102,13.42050993941725,18.839976079244224,-0.8007671972587216,41.61163735281484,0
103,13.532913746452568,18.839976079244224,-0.8007671972587216,40.80020736204947,0
104,13.64128573129512,18.839976079244224,-0.8007671972587216,40.36341215268394,0
105,13.744738717907074,18.839976079244224,-0.8007671972587216,40.27581649388608,0
106,13.840866630650883,18.839976079244224,-0.8007671972587216,40.51982195344558,0
107,13.930527197824507,18.756200061109816,-0.39489997170808216,41.08767643369191,0
108,14.014475319928126,18.572100632690127,-0.39489997170808216,41.98528950274757,0
109,14.093234110784056,18.386157920815382,-0.39489997170808216,43.239280110067064,0
110,14.167923510958236,18.203840790233883,-0.042773615507520735,44.910147566816796,0
111,14.239334441680125,18.019679129862546,-0.042773615507520735,47.117913113205724,0
112,14.307325311584158,17.83361579630515,-0.042773615507520735,50.09556818195712,0
113,14.371622794775451,17.645590633278484,-0.042773615507520735,54.31214272416189,0
114,14.45683345266085,17.455540244411402,-0.042773615507520735,60.79939737189273,0
115,14.563847201209514,17.263397743529136,-0.042773615507520735,24.64270650264512,0
116,14.669445969355552,17.069092479634282,-0.042773615507520735,24.564014577356563,0
117,14.773841618602843,16.872549733378424,-0.042773615507520735,24.441524594835432,0
118,14.87731454034581,16.67369038132678,-0.042773615507520735,24.22227523528256,0
119,14.980201589596868,16.472430523737835,-0.042773615507520735,23.864932590717498,0
120,15.082880930868383,16.30059242364269,0.4173563712205449,23.34389302421263,0
121,15.185754396278172,16.12692343145664,0.4173563712205449,22.65248527751037,0
122,15.289228403376358,15.951363746288678,0.4173563712205449,21.804451462101145,0
123,15.393694996190883,15.7738502392016,0.4173563712205449,20.833180184838884,0
124,15.499699658834382,15.59431618799324,0.4173563712205449,19.78866589114201,0
125,15.60764341515368,15.412690984168067,0.4173563712205449,18.732735974569277,0
126,15.717804713167267,15.22889980844983,0.4173563712205449,17.733535668524883,0
127,15.830392028130264,15.042863270606128,0.4173563712205449,16.860440627380694,0
128,15.945541085117833,14.854497008667057,0.4173563712205449,16.180429150313554,0
129,16.094018976762317,14.663711241798447,0.4173563712205449,15.75655179599476,0
130,16.24252869003882,14.534177917826755,0.8093629519079121,20.227600798308753,0
131,16.383035898809716,14.403479722318478,0.8093629519079121,18.511479988550608,0
132,16.51476785232478,14.271584651868071,0.8093629519079121,17.79003228916585,0
133,16.63984564513311,14.13845921024045,0.8093629519079121,17.947114768601274,0
134,16.760316873097768,14.004068309024694,0.8093629519079121,18.915694688678176,0
135,16.87643608540872,13.868375159622214,0.8093629519079121,20.66982596520829,0
136,16.99012191993505,13.731341155627268,0.8093629519079121,23.220169464513123,0
137,17.103161825137093,13.592925744534174,0.8093629519079121,26.618179506763244,0
138,17.21397159334635,13.453086287563039,0.8093629519079121,30.977363141514488,0
139,17.3186528639791,13.311777906230759,0.8093629519079121,36.52970329904459,0
140,17.417151257379608,13.311777906230759,1.4395489440671445,43.765646144013964,0
141,17.50946712389026,13.311777906230759,1.4395489440671445,53.81322403864696,0
142,17.595411833272177,13.311777906230759,1.4395489440671445,69.68805096216474,0
143,17.674706592067494,13.311777906230759,1.4395489440671445,102.16814148343065,0
144,17.747891032347155,13.311777906230759,1.4395489440671445,232.52586910843237,0
145,17.815101848764975,13.311777906230759,1.4395489440671445,313.871764601,0
146,17.887267207749126,13.311777906230759,1.4395489440671445,67.51616737454138,0
147,17.97010992729024,13.311777906230759,1.4395489440671445,33.78622690854893,0
148,18.058206841221676,13.311777906230759,1.4395489440671445,45.59007031140905,0
149,18.149048797479878,13.311777906230759,1.4395489440671445,55.341727559402074,0
150,18.24070715669358,13.311777906230759,1.4395489440671445,61.26704336410288,0
151,18.331490753092428,13.311777906230759,1.4395489440671445,62.457713995043285,0
152,18.419898934542125,13.311777906230759,1.4395489440671445,59.0373805872221,0
153,18.504604443496543,13.311777906230759,1.4395489440671445,51.97595297287172,0
154,18.58490198680912,13.311777906230759,1.4395489440671445,42.70487435711368,0
155,18.66485307174351,13.311777906230759,1.4395489440671445,32.7213964451217,0
156,18.753182951830393,13.311777906230759,1.4395489440671445,23.299745019660293,0
157,18.871384346923573,13.311777906230759,1.4395489440671445,15.337464775664248,0
158,19.016449227833267,13.311777906230759,1.4395489440671445,10,0
159,19.166902490750463,13.311777906230759,1.4395489440671445,10,0
160,19.321864490263327,13.311777906230759,1.4395489440671445,14.024239014108941,0
161,19.450323190668477,13.311777906230759,1.4395489440671445,29.056842398426294,0
162,19.567233728264995,13.311777906230759,1.4395489440671445,10,0
163,19.711503666071305,13.311777906230759,1.4395489440671445,16.43468075787937,0
164,19.86220655988174,13.311777906230759,1.4395489440671445,36.65126314779548,0
165,20.006500066609373,13.311777906230759,1.4395489440671445,63.22455400864305,0
166,20.137965455624254,13.311777906230759,1.4395489440671445,89.53375538662065,0
167,20.255194305260147,13.311777906230759,1.4395489440671445,104.44987317635548,0
168,20.354317139927723,13.311777906230759,1.4395489440671445,95.1893215039274,0
169,20.43074400356916,13.311777906230759,1.4395489440671445,58.68475829278579,0
170,20.62521299207736,13.311777906230759,1.4395489440671445,10,0
171,20.797616098710684,13.311777906230759,1.4395489440671445,10,0
172,20.939862687744736,13.311777906230759,1.4395489440671445,46.62583355700859,0
173,21.044195872278323,13.311777906230759,1.4395489440671445,10,0
174,21.16705411865032,13.311777906230759,1.4395489440671445,10,0
175,21.329945305905596,13.311777906230759,1.4395489440671445,10,0
176,21.479306959405157,13.311777906230759,1.4395489440671445,28.091921002220683,0
177,21.61713031166736,13.311777906230759,1.4395489440671445,29.21426784094127,0
178,21.742368994471587,13.311777906230759,1.4395489440671445,30.90357197987851,0
179,21.858477220934045,13.311777906230759,1.4395489440671445,33.191657991162536,0
180,21.967892100938204,13.311777906230759,1.7624964649166834,36.130767259379645,0
181,22.074750971273165,13.311777906230759,1.7624964649166834,39.799336182957816,0
182,22.182096140783347,13.311777906230759,1.7624964649166834,44.31207559421811,0
183,22.288971217694584,13.311777906230759,1.7624964649166834,49.837278905212784,0
184,22.3917000923478,13.311777906230759,1.7624964649166834,56.62691892268768,0
185,22.49052389327332,13.311777906230759,1.7624964649166834,65.07081177230668,0
186,22.585936690439464,13.311777906230759,1.7624964649166834,75.79948112894846,0
187,22.67826962117961,13.311777906230759,1.7624964649166834,89.89458165630276,0
188,22.76905814719359,13.311777906230759,1.7624964649166834,109.36463663850539,0
189,22.859558217017934,13.311777906230759,1.4395489440671445,138.379227676841,0
190,22.94951514607782,13.311777906230759,1.4395489440671445,187.18232880069866,0
191,23.041406728040464,13.311777906230759,1.4395489440671445,289.3177376682089,0
192,23.163373879041494,13.311777906230759,1.4395489440671445,10,0
193,23.282014075874933,13.311777906230759,1.4395489440671445,10,0
194,23.421558251378165,13.311777906230759,1.4395489440671445,23.442492166525543,0
195,23.609530096610392,13.311777906230759,1.4395489440671445,10,0
196,23.767351374338695,13.311777906230759,1.4395489440671445,10.947307106276702,0
197,23.905418405404635,13.311777906230759,1.4395489440671445,13.293133277753597,0
198,24.049264401304985,13.311777906230759,1.4395489440671445,24.35242569296053,0
199,24.1900503703906,13.311777906230759,1.4395489440671445,42.2458149493436,0
200,24.3247317516207,13.311777906230759,0.7755735368189278,72.96303730623961,0
201,24.45637063631175,13.311777906230759,0.7755735368189278,140.69951100892223,0
202,24.586801447834294,13.311777906230759,0.7755735368189278,543.4104613374916,0
203,24.708396704448113,13.311777906230759,0.7755735368189278,288.4577931224878,0
204,24.81578778847153,13.311777906230759,0.7755735368189278,97.00616330011377,0
205,24.908641743426074,13.311777906230759,0.7755735368189278,46.94599853620222,0
206,24.99288645615635,13.311777906230759,0.7755735368189278,23.4584816118807,0
207,25.091200988733455,13.311777906230759,0.7755735368189278,10.858671218652525,0
208,25.19004328441887,13.311777906230759,0.7755735368189278,10,0
209,25.299392240500957,13.311777906230759,0.7755735368189278,10,0
210,25.43106206645095,13.311777906230759,0.3755906181882904,10,0
211,25.595210746721293,13.311777906230759,0.3755906181882904,10,0
212,25.775788313830354,13.311777906230759,0.3755906181882904,49.15264120997888,0
213,25.947983049985112,13.311777906230759,0.3755906181882904,39.746314905573584,0
214,26.097758900556713,13.311777906230759,0.3755906181882904,11.241882872577762,0
215,26.233971576787404,13.311777906230759,0.3755906181882904,10,0
216,26.3314955559339,13.311777906230759,0.3755906181882904,10,0
217,26.436366973865567,13.515918881138177,0.3755906181882904,10,0
218,26.564651130475312,13.717022103146206,0.3755906181882904,14.971703819743727,0
219,26.717669172223673,13.915219278002617,0.3755906181882904,10.989943491995474,0
220,26.915943464042655,14.110632860775231,0.2701327986930902,10,0
221,27.129706355495138,14.329237032239554,0.2701327986930902,10,0
222,27.26694395652924,14.544555961617428,0.2701327986930902,10,0
223,27.41678248303984,14.75673345680326,0.2701327986930902,10,0
224,27.571018016039094,14.965903130437948,0.2701327986930902,17.3889970496891,0
225,27.708523242337726,15.17218938400678,0.2701327986930902,32.85113756083232,0
226,27.85547393430666,15.375708273074242,0.2701327986930902,10,0
227,28.024342006808787,15.576568270745625,0.2701327986930902,10,0
228,28.174371495896125,15.774870943615197,0.2701327986930902,10,0
229,28.30796619953113,15.970711552157926,0.2701327986930902,10,0
230,28.439557821921227,16.16417958563769,0.28159616475349375,10,0
231,28.594904249357256,16.35972979411821,0.28159616475349375,10,0
232,28.6992321332987,16.55297001134152,0.28159616475349375,10,0
233,28.8266494858115,16.743980215473993,0.28159616475349375,16.88685496278238,0
234,28.963344617134897,16.932835873414625,0.28159616475349375,37.45044163614368,0
235,29.10067568930432,17.11960828920481,0.28159616475349375,72.0715872836415,0
236,29.234422086757796,17.30436491858695,0.28159616475349375,131.90431391053335,0
237,29.366297990292118,17.487169653647083,0.28159616475349375,262.04211257193305,0
238,29.497024537915195,17.66808308094707,0.28159616475349375,1015.9912126111636,0
239,29.61850789048062,17.847162716103107,0.28159616475349375,544.0733441627335,0
240,29.724732883339236,18.024463217385243,0.33595388095608897,177.59222413490232,0
241,29.814325148826498,18.024463217385243,0.33595388095608897,81.30307609645962,0
242,29.885777830747386,18.024463217385243,0.33595388095608897,36.59863597753543,0
243,29.979303434553763,18.024463217385243,0.33595388095608897,13.751412696276695,0
244,30.177325637674137,18.024463217385243,0.33595388095608897,90.72246993354923,0
245,30.3358447781279,18.024463217385243,0.33595388095608897,77.69399066210673,0
246,30.455906182677193,18.024463217385243,0.33595388095608897,88.8551504253379,0
247,30.55182962029958,18.024463217385243,0.33595388095608897,744.6845905784531,0
248,30.63608100097086,18.024463217385243,0.33595388095608897,48.64476187519651,0
249,30.71871942147728,18.024463217385243,0.33595388095608897,20.81320704069086,0
250,30.819652549360775,18.024463217385243,0.38528962426175256,15.974089628629535,0
251,30.93405485470886,18.024463217385243,0.38528962426175256,18.21342392625365,0
252,31.05222640032399,18.024463217385243,0.38528962426175256,14.725096636938998,0
253,31.16355333627557,17.82141564559684,0.43923077730744825,14.343940510994813,0
254,31.27133128753678,17.594361125880315,0.43923077730744825,20.182041960220932,0
255,31.377870944737662,17.364337915470692,0.43923077730744825,58.314552632735534,0
256,31.487332900433643,17.13122643179459,0.43923077730744825,87.90363551347795,0
257,31.608014529359714,16.894898841726818,0.43923077730744825,36.5213696135454,0
258,31.747599143294124,16.65521824194888,0.43923077730744825,32.01584572590352,0
259,31.83315729890748,16.41203773154666,0.43923077730744825,36.04292223188218,0
260,31.943486183292052,16.213468258936658,0.5631524379715988,13.552799932704723,0
261,32.064269871401734,16.012436524944658,0.5631524379715988,27.05698856561926,0
262,32.19523280400563,15.808848596504964,0.5631524379715988,78.06575248755388,0
263,32.32863864043926,15.60260441173371,0.5631524379715988,300.91028993164866,0
264,32.45817694047662,15.393597205035848,0.5631524379715988,68.22806137519265,0
265,32.589902265424044,15.181712860962781,0.5631524379715988,43.558382745572295,0
266,32.726958737271495,14.966829185721268,0.5631524379715988,34.453644274830054,0
267,32.85048751076137,14.748815083131024,0.5631524379715988,20.799558078675012,0
268,32.960877395470504,14.52752961925146,0.5631524379715988,22.2647127909834,0
269,33.0611450816047,14.302820956722618,0.5631524379715988,32.149704288083605,0
270,33.15354511320263,14.206827995387945,1.078899210763428,135.07196112225773,0
271,33.24110733125982,14.110181999570864,1.078899210763428,43.863225226686644,0
272,33.34626159834469,14.012869457448343,1.078899210763428,18.77572748115296,0
273,33.481555317351784,13.914876384717314,1.078899210763428,13.472153650731453,0
274,33.58914950609593,13.816188301135684,1.078899210763428,13.783713990657303,0
275,33.66303283476396,13.716790205544207,1.078899210763428,10,0
276,33.73863931004434,13.61666654924723,1.078899210763428,39.786895651834605,0
277,33.863828639606886,13.515801207618564,1.078899210763428,10,0
278,34.08836446445581,13.41417744978567,1.078899210763428,13.982022159717218,0
279,34.3030353948565,13.311777906230759,1.078899210763428,51.19535541328254,0
280,34.380806385459486,13.311777906230759,1.5134182482582195,78.3277649646605,0
281,34.461285112457496,13.311777906230759,1.5134182482582195,115.96361258810471,0
282,34.54578155588106,13.311777906230759,1.5134182482582195,169.29682252626594,0
283,34.63576877439376,13.311777906230759,1.5134182482582195,247.48421882384278,0
284,34.73073326469526,13.311777906230759,1.5134182482582195,369.69971529765684,0
285,34.82697437805805,13.311777906230759,1.5134182482582195,584.1647219434842,0
286,34.922734983579524,13.311777906230759,1.5134182482582195,1056.7446130074625,0
287,35.017987390931324,13.311777906230759,1.5134182482582195,2988.890055752638,0
288,35.112629355571684,13.311777906230759,1.5134182482582195,5803.048170808948,0
289,35.20656283665528,14.514373289228194,1.5134182482582195,1644.2364882987015,0
290,35.301078491278986,14.514373289228194,1.6008103904046944,1002.7265233901194,0
291,35.39732857372404,13.311777906230759,1.6264628664945742,736.4735897241989,0
292,35.49484050350038,13.311777906230759,1.6264628664945742,586.7881520443822,0
293,35.59121894039077,13.311777906230759,1.6264628664945742,488.1738199295412,0
294,35.68565353143955,13.311777906230759,1.6264628664945742,416.42377187284575,0
295,35.77811417392156,13.311777906230759,1.6264628664945742,360.56586969532236,0
296,35.86854482201152,13.311777906230759,1.6264628664945742,314.9439831511665,0
297,35.957758353292114,13.311777906230759,1.6264628664945742,276.37499548953,0
298,36.046430713653926,13.311777906230759,1.6264628664945742,242.9517484500212,0
299,36.13426179295338,13.311777906230759,1.6264628664945742,213.47768635311434,0
300,36.219995686181704,13.311777906230759,-1.4395489440671445,187.17546858729187,0
301,36.30284684843789,13.311777906230759,-1.4395489440671445,163.52604003394669,0
302,36.382767590285674,13.311777906230759,-1.4395489440671445,142.17460075347148,0
303,36.459697163867204,13.311777906230759,-1.4395489440671445,122.8730192988963,0
304,36.53356776457524,13.311777906230759,-1.4395489440671445,105.44312624519182,0
305,36.60443107565974,13.311777906230759,-1.4395489440671445,89.75249684878385,0
306,36.744477197905276,13.311777906230759,-1.4395489440671445,10,0
307,36.894286650083494,13.311777906230759,-1.4395489440671445,129.42643043428404,0
308,37.04936302411404,13.311777906230759,-1.4395489440671445,10,0
309,37.18534892200487,13.311777906230759,-1.4395489440671445,10,0
310,37.331661608335146,13.311777906230759,-0.9595581386803407,23.488114324450542,0
311,37.47434196557011,13.311777906230759,-0.9595581386803407,291.40304897830254,0
312,37.6101133865813,13.311777906230759,-0.9595581386803407,26.864907592104153,0
313,37.7289396812752,13.311777906230759,-0.9595581386803407,15.659063616574105,0
314,37.84187724225384,13.311777906230759,-0.9595581386803407,16.549261218902174,0
315,37.95662712007839,13.311777906230759,-0.9595581386803407,21.20120664167631,0
316,38.07095900043955,13.311777906230759,-0.9595581386803407,28.27085037226378,0
317,38.18781811272324,13.311777906230759,-0.9595581386803407,39.10010594117573,0
318,38.310375095549894,13.436243556953695,-0.9595581386803407,56.50442312092766,0
319,38.416023203979854,13.311777906230759,-0.24326965350463686,87.5287345143352,0
320,38.57131732815471,13.311777906230759,1.4395489440671445,10,0
321,38.750540146356194,13.311777906230759,1.4395489440671445,23.49821541593219,0
322,38.935282790650724,13.311777906230759,1.4395489440671445,73.21523922472468,0
323,39.09487464749753,13.311777906230759,1.4395489440671445,247.9731240623309,0
324,39.22552119503048,13.311777906230759,1.4395489440671445,40.045137830669276,0
325,39.345541864001305,13.311777906230759,1.4395489440671445,14.356279429043182,0
326,39.451865790988904,13.311777906230759,1.4395489440671445,10,0
327,39.550016070405604,13.311777906230759,1.4395489440671445,10,0
328,39.74415338606124,13.311777906230759,1.4395489440671445,10,0
329,39.91679686432585,13.311777906230759,1.4395489440671445,13.613697348703928,0
330,40.0579001619631,13.311777906230759,1.4395489440671445,10.158085417179096,0
331,40.17654563765925,13.311777906230759,1.4395489440671445,11.805660023953994,0
332,40.276889188641405,13.311777906230759,1.4395489440671445,281.4655331343989,0
333,40.38039354545187,13.311777906230759,1.4395489440671445,14.769839065384458,0
334,40.485976169423594,13.311777906230759,1.4395489440671445,19.28418737056074,0
335,40.591347086382,13.311777906230759,1.4395489440671445,25.30343091192466,0
336,40.69576660612444,13.311777906230759,1.4395489440671445,33.214680920344385,0
337,40.799004149691335,13.311777906230759,1.4395489440671445,43.59944987268841,0
338,40.90355915322329,13.311777906230759,1.4395489440671445,57.403091328079014,0
339,41.0116884665508,13.311777906230759,1.4395489440671445,76.30438340310505,0
340,41.12178546148355,13.311777906230759,1.4395489440671445,103.62147989830807,0
341,41.22912162320727,13.311777906230759,1.4395489440671445,146.9503257394841,0
342,41.33338268255825,13.311777906230759,1.4395489440671445,228.21712533214563,0
343,41.43468028156176,13.311777906230759,1.4395489440671445,446.91324823902323,0
344,41.5330561524001,13.311777906230759,1.4395489440671445,3876.8432160592524,0
345,41.62994158717448,13.311777906230759,1.4395489440671445,604.5587187431438,0
346,41.72646672542785,13.311777906230759,1.4395489440671445,278.77052600645834,0
347,41.821932455923694,13.311777906230759,1.4395489440671445,177.64395135930997,0
348,41.913990723342785,13.311777906230759,1.4395489440671445,126.98908263862916,0
349,42.002144403710474,13.311777906230759,1.4395489440671445,95.86121562235788,0
350,42.08644115422459,13.311777906230759,1.4395489440671445,74.45915020018838,0
351,42.16694174582828,13.311777906230759,1.4395489440671445,58.72156115338415,0
352,42.24424158971169,13.311777906230759,1.4395489440671445,46.67162897737062,0
353,42.34162460233159,13.311777906230759,1.4395489440671445,37.23464598172717,0
354,42.43616346617325,13.311777906230759,1.4395489440671445,78.50104723479643,0
355,42.52065547753283,13.311777906230759,1.4395489440671445,71.78366993171846,0
356,42.596763505335275,13.311777906230759,1.4395489440671445,71.54370885771675,0
357,42.66650177724057,13.311777906230759,1.4395489440671445,81.96887469385321,0
358,42.73166782858629,13.311777906230759,1.4395489440671445,123.1476787255873,0
359,42.79392522816149,13.311777906230759,1.4395489440671445,548.3332085479988,0
360,42.854878181543874,13.311777906230759,1.5533870732632995,172.07651378284712,0
361,42.91613023092947,13.311777906230759,1.5533870732632995,75.41461912328718,0
362,42.9793193327992,13.311777906230759,1.5533870732632995,52.83887971542101,0
363,43.046115035293035,13.311777906230759,1.5533870732632995,45.81068194394221,0
364,43.1181578110616,13.311777906230759,1.5533870732632995,45.56007228508666,0
365,43.196983553486696,13.311777906230759,1.5533870732632995,49.95733261171697,0
366,43.28401048790569,13.311777906230759,1.5533870732632995,58.763523229748074,0
367,43.37651800969762,13.311777906230759,1.5533870732632995,72.60662663781723,0
368,43.462557192878386,13.311777906230759,1.5533870732632995,209.23457074108558,0
369,43.542070392082906,13.311777906230759,1.4395489440671445,173.43344572907375,0
370,43.61600419584983,13.311777906230759,1.4395489440671445,146.63982047481628,0
371,43.68524452159677,13.311777906230759,1.4395489440671445,127.02778270978392,0
372,43.75062984754647,13.311777906230759,1.4395489440671445,113.29334516331758,0
373,43.81295774343865,13.311777906230759,1.4395489440671445,104.58565278580436,0
374,43.872988402719635,13.311777906230759,1.4395489440671445,100.48862947935812,0
375,43.93145123070434,13.311777906230759,1.4395489440671445,101.07052364808251,0
376,43.98904963267115,13.311777906230759,1.4395489440671445,107.04860474053623,0
377,44.046462261728166,13.311777906230759,1.4395489440671445,120.1894599272424,0
378,44.10447123746481,13.311777906230759,1.4395489440671445,144.27469015441477,0
379,44.16394195460755,13.311777906230759,0.23709982111870478,187.6718422273205,0
380,44.22553191041659,13.311777906230759,-1.4395489440671445,271.58547398996774,0
381,44.29521331986025,13.311777906230759,-1.4395489440671445,466.74107015011936,0
382,44.370973843456284,13.311777906230759,-1.4395489440671445,98.46814497462879,0
383,44.44622866548565,13.311777906230759,-1.4395489440671445,104.11617061612206,0
384,44.52096807862327,13.311777906230759,-1.4395489440671445,110.60082454702385,0
385,44.595174760011474,13.311777906230759,-1.4395489440671445,118.09012143011027,0
386,44.66882433596277,13.311777906230759,-1.4395489440671445,126.81582863126116,0
387,44.741885947446264,13.311777906230759,-1.4395489440671445,137.10471656206803,0
388,44.81432281288727,13.311777906230759,-1.4395489440671445,149.43013736071788,0
389,44.8860927863806,13.311777906230759,-1.4395489440671445,164.50119498209492,0
390,44.957148910895285,13.311777906230759,-1.4395489440671445,183.42585499899644,0
391,45.02743996744998,13.311777906230759,-1.4395489440671445,208.03097007225767,0
392,45.09691102258729,13.311777906230759,-1.4395489440671445,241.5489644422844,0
393,45.16550397781552,13.311777906230759,-1.4395489440671445,290.27699441690385,0
394,45.23315812606677,13.311777906230759,-1.4395489440671445,368.31188155518146,0
395,45.29981072170189,13.311777906230759,-1.4395489440671445,514.9877642820064,0
396,45.36539757224746,13.311777906230759,-1.4395489440671445,896.9303078099604,0
397,45.42985366196491,13.311777906230759,-1.4395489440671445,4499.603847055842,0
398,45.49311381962406,13.311777906230759,-1.4395489440671445,1331.8212711428814,0
399,45.55511344560004,13.311777906230759,-1.4395489440671445,548.8768306748989,0
400,45.615789316766296,13.311777906230759,-1.562974150840036,332.0109948829666,0
401,45.67508049176455,13.311777906230759,-1.562974150840036,230.0839077981939,0
402,45.732929344242464,13.311777906230759,-1.562974150840036,170.79200390758632,0
403,45.78928275769415,13.311777906230759,-1.562974150840036,132.01786148880493,0
404,45.84409352267018,13.311777906230759,-1.562974150840036,104.72879481239258,0
405,45.897321985231315,13.311777906230759,-1.562974150840036,84.54894244465751,0
406,45.948938004145546,13.311777906230759,-1.562974150840036,69.10149436892192,0
407,45.9989232823594,13.311777906230759,-1.562974150840036,56.98415500911808,0
408,46.04964129122928,13.311777906230759,-1.562974150840036,47.31570311197656,0
409,46.10503303628023,13.311777906230759,-1.4395489440671445,39.51384842899521,0
410,46.17059991621001,13.311777906230759,-1.4395489440671445,87.44300036369268,0
411,46.242051715318325,13.311777906230759,-1.4395489440671445,91.80545265328296,0
412,46.317525256114386,13.311777906230759,-1.4395489440671445,89.20972956775155,0
413,46.39527992960076,13.311777906230759,-1.4395489440671445,81.88499728158675,0
414,46.473704872907156,13.311777906230759,-1.4395489440671445,71.70014013451996,0
415,46.551330312162115,13.311777906230759,-1.4395489440671445,60.145849886414794,0
416,46.62686324002243,13.311777906230759,-1.4395489440671445,48.38020172427458,0
417,46.70736002477169,13.311777906230759,-1.4395489440671445,37.27356135881536,0
418,46.797905117657294,13.311777906230759,-1.4395489440671445,27.442419715127077,0
419,46.89903930051712,13.311777906230759,-1.4395489440671445,19.274231271139413,0
420,47.01971529071001,13.311777906230759,-1.2658701086177317,12.947977426853278,0
421,47.15765331764287,13.410839002691793,-1.2658701086177317,14.531705551995984,0
422,47.30273746009772,13.509173715939307,-1.2658701086177317,19.635784281383792,0
423,47.44534814475171,13.606797794438316,-1.2658701086177317,26.3627209056314,0
424,47.58051012405151,13.703726425685732,-1.2658701086177317,34.8229075564734,0
425,47.70844036055346,13.799974263792793,-1.2658701086177317,45.15636241418932,0
426,47.83270810489464,13.895555455347923,-1.2658701086177317,57.640217726982314,0
427,47.955519487214836,13.990483663689238,-1.2658701086177317,72.9490648976889,0
428,48.07221145917054,14.084772091704624,-1.2658701086177317,92.86460677635691,0
429,48.17809767902947,14.178433503267117,-1.2658701086177317,122.71172588773109,0
430,48.27289507542843,14.271480243404097,-0.887270507369986,183.92964463848296,0
431,48.356081992143096,14.435789063996983,-0.887270507369986,500.5995296264468,0
432,48.42779946604612,14.59824864367491,-0.887270507369986,286.79626333578153,0
433,48.487429154405426,14.758920049410722,-0.887270507369986,68.86098199467862,0
434,48.540849186350776,14.917861059389152,-0.887270507369986,23.196790769021373,0
435,48.63590397370162,15.07512640575795,-0.887270507369986,39.421614056567634,0
436,48.734414365243346,15.23076799481635,-0.887270507369986,236.3779199978096,0
437,48.83248222395947,15.384835107152222,-0.887270507369986,101.99158915738991,0
438,48.92750524061955,15.203635899509655,-0.8308582721787399,43.610330059718045,0
439,49.02665323374708,15.01835690079632,-0.8308582721787399,25.528673036987108,0
440,49.146544830287866,14.85652323735968,-0.8247608947693369,15.938711209075334,0
441,49.286165319886265,14.692907180157365,-0.8247608947693369,10.195291693645983,0
442,49.440840569369826,14.527448506438821,-0.8247608947693369,10,0
443,49.59187100755389,14.360083523773225,-0.8247608947693369,10,0
444,49.74363903215308,14.190744783564213,-0.8247608947693369,16.54361423910028,0
445,49.88199822764521,14.019360763414522,-0.8247608947693369,72.59671909353546,0
446,50.02482364435792,13.84585551409801,-0.8247608947693369,10.331031846185418,0
447,50.170622173897215,13.67014826619631,-0.8247608947693369,10,0
448,50.31715554984544,13.492152990620204,-0.8247608947693369,10,0
449,50.470391748571544,13.311777906230759,-0.8247608947693369,11.23471863489772,0
450,50.61770492801916,13.311777906230759,-1.4395489440671445,39.328044783083975,0
451,50.74772321796178,13.311777906230759,-1.4395489440671445,35.31072459905964,0
452,50.890094749438816,13.311777906230759,-1.4395489440671445,10.80210255228998,0
453,51.03723285309346,13.311777906230759,-1.4395489440671445,10,0
454,51.18452232091062,13.311777906230759,-1.4395489440671445,10,0
455,51.33243205232359,13.311777906230759,-1.4395489440671445,13.227003793790116,0
456,51.470464504669636,13.311777906230759,-1.4395489440671445,147.4498375911051,0
457,51.596951759342076,13.311777906230759,-1.4395489440671445,17.066403721753122,0
458,51.7480145516775,13.311777906230759,-1.4395489440671445,10,0
459,51.8898236715781,13.311777906230759,-1.4395489440671445,10,0
460,52.03980758323948,13.311777906230759,-1.4395489440671445,10,0
461,52.18886624704226,13.311777906230759,-1.4395489440671445,21.079935697435687,0
462,52.32353590681738,13.311777906230759,-1.4395489440671445,198.34566167257344,0
463,52.44555081791056,13.311777906230759,-1.4395489440671445,17.20858959504928,0
464,52.59115279254132,13.311777906230759,-1.4395489440671445,10,0
465,52.736093849999506,13.311777906230759,-1.4395489440671445,10,0
466,52.885805241407695,13.311777906230759,-1.4395489440671445,10,0
467,53.03682576825946,13.311777906230759,-1.4395489440671445,15.494524836702674,0
468,53.172540821041,13.311777906230759,-1.4395489440671445,47.24363967013041,0
469,53.31855344904518,13.311777906230759,-1.4395489440671445,10,0
470,53.464231029259395,13.311777906230759,-1.4395489440671445,10,0
471,53.609907123338445,13.311777906230759,-1.4395489440671445,10,0
472,53.760919111940595,13.311777906230759,-1.4395489440671445,11.528185034566151,0
473,53.907049671349945,13.311777906230759,-1.4395489440671445,31.715964134806732,0
474,54.03794183232222,13.311777906230759,-1.4395489440671445,69.12011788911836,0
475,54.16177052140398,13.311777906230759,-1.4395489440671445,15.808638286266268,0
476,54.33384434774169,13.311777906230759,-1.4395489440671445,10,0
477,54.51704806379716,13.311777906230759,-1.4395489440671445,10,0
478,54.690479906318075,13.311777906230759,-1.4395489440671445,10,0
479,54.85393718014071,13.311777906230759,-1.4395489440671445,13.247068554920402,0
480,54.995930007322215,13.311777906230759,-1.827050774575343,26.315941235350284,0
481,55.109409106366755,13.311777906230759,-1.827050774575343,139.2068679366486,0
482,55.2193573054859,13.311777906230759,-1.827050774575343,10.150205462626372,0
483,55.32522425011108,13.311777906230759,-1.827050774575343,10,0
484,55.478470376069225,13.311777906230759,-1.827050774575343,35.98748240762443,0
485,55.5977040213217,13.311777906230759,-1.827050774575343,40.66408431578206,0
486,55.69579585301466,13.311777906230759,-1.827050774575343,109.92194737169113,0
487,55.78160485743655,13.311777906230759,-1.827050774575343,46.15141498969766,0
488,55.87305081072141,13.311777906230759,-1.827050774575343,16.56997280677465,0
489,55.98656149087435,13.311777906230759,-1.4395489440671445,11.573434843096448,0
490,56.11588669815798,13.311777906230759,-1.4395489440671445,11.9293812250295,0
491,56.26587302357991,13.311777906230759,-1.4395489440671445,16.232272043369715,0
492,56.435057482113244,13.311777906230759,-1.4395489440671445,26.118661249265003,0
493,56.59863939005776,13.311777906230759,-1.4395489440671445,45.49452272133185,0
494,56.70842504772397,13.311777906230759,-1.4395489440671445,18.00776861721997,0
495,56.81585190768653,13.311777906230759,-1.4395489440671445,19.177475537214065,0
496,56.920468191834466,13.311777906230759,-1.4395489440671445,21.51625986717437,0
497,57.02423343922029,13.311777906230759,-1.4395489440671445,25.33548438342085,0
498,57.12920628542883,13.311777906230759,-1.4395489440671445,31.27318546546605,0
499,57.23465109295806,13.311777906230759,-1.4395489440671445,40.68776721577893,0
500,57.33680386020532,13.311777906230759,-0.1336885476072861,56.8896197315486,0
501,57.43570165226751,13.595080403403168,-0.1336885476072861,90.31642878273318,0
502,57.53173586775689,13.872598578679494,-0.1336885476072861,198.9018768377583,0
503,57.62518712761424,14.14467290096748,-0.1336885476072861,1539.7314666596308,0
504,57.71774512040257,14.411611694239728,-0.1336885476072861,164.79738355070717,0
505,57.81088018186897,14.673695232480833,-0.1336885476072861,88.3278187132089,0
506,57.90441583043533,14.931179187388858,-0.1336885476072861,60.742197173576095,0
507,57.99667557682939,15.184297549643107,-0.1336885476072861,46.54628598334885,0
508,58.08767243326531,15.433265118771242,-0.1336885476072861,38.032941931579735,0
509,58.17833158589215,15.678279637015809,-0.1336885476072861,32.570506674355734,0
510,58.27517364932346,15.919523627503683,0.2674026385604364,29.0401079256238,0
511,58.36465746600565,16.15177065089,0.2674026385604364,26.9095055320177,0
512,58.4248140669296,16.300950036267327,0.3169431237695151,59.5942586367353,0
513,58.492123667329196,16.001061394554274,0.3169431237695151,63.70993649098496,0
514,58.56605511539654,15.695443906424133,0.3169431237695151,66.49458215885933,0
515,58.64599354904172,15.383756143644431,0.3169431237695151,68.14424347470039,0
516,58.729725177578736,15.065621353084948,0.3169431237695151,68.83454007339706,0
517,58.81723800570108,14.740622117873468,0.3169431237695151,68.7249240611847,0
518,58.90927051690746,14.40829393402813,0.3169431237695151,67.9609938862175,0
519,59.00535861959111,14.06811742049245,0.3169431237695151,66.67588096444562,0
520,59.103183876704435,13.994323066285421,1.1833544867164356,64.99117931320878,0
521,59.20154359501555,13.920137514061174,1.1833544867164356,63.017652466276274,0
522,59.30031363279133,13.8455544756134,1.1833544867164356,60.855844236706496,0
523,59.39940028299607,13.77056749244501,1.1833544867164356,58.596668249937046,0
524,59.49875409626491,13.69516992924105,1.1833544867164356,56.322025442843845,0
525,59.59928954952259,13.619354967016365,1.1833544867164356,54.10548543770596,0
526,59.649780632347365,13.543115595918037,1.1833544867164356,52.01306034440337,0
527,59.747276548368454,13.46644460766105,1.1833544867164356,10,0
528,59.87375333572851,13.38933458757411,1.1833544867164356,14.487245848311456,0
529,60.015174469858366,13.311777906230759,1.1833544867164356,32.608422023835885,0
530,60.158541361550405,13.311777906230759,1.4581766002160672,61.26741623449085,0
531,60.29921843676006,13.311777906230759,1.4581766002160672,103.07999217804553,0
532,60.4400211204907,13.311777906230759,1.4581766002160672,163.12342255370027,0
533,60.58278504476914,13.311777906230759,1.4581766002160672,255.35322904401673,0
534,60.716966199505485,13.311777906230759,1.4581766002160672,433.3350629078365,0
535,60.837990524596286,13.311777906230759,1.4581766002160672,1152.5567690603566,0
536,60.9449368514671,13.311777906230759,1.4581766002160672,1232.6423070906385,0
537,61.03644931132639,13.311777906230759,1.4581766002160672,293.7974726626312,0
538,61.111818965080616,13.311777906230759,1.4581766002160672,115.84102521639888,0
539,61.169236897642534,13.600067682710757,1.4581766002160672,44.14074268045033,0
540,61.31373287936367,13.600067682710757,1.6572873471112162,12.575386736095268,0
541,61.47840191973732,13.311777906230759,1.589343082384336,23.569579772355958,0
542,61.609344729035016,13.311777906230759,1.589343082384336,18.45379060122746,0
543,61.71848942199902,13.311777906230759,1.589343082384336,19.34011199280297,0
544,61.81516683266621,13.311777906230759,1.589343082384336,40.9110997429433,0
545,61.90641121041285,13.311777906230759,1.589343082384336,46.16988791121375,0
546,62.01518024246365,13.311777906230759,1.589343082384336,15.943015942419576,0
547,62.151850992903555,13.311777906230759,1.589343082384336,13.244743976669856,0
548,62.28879051717595,13.311777906230759,1.589343082384336,16.223005615452603,0
549,62.40026373143923,13.311777906230759,1.589343082384336,15.39686876554907,0
550,62.515051557576705,13.311777906230759,1.4395489440671445,22.05522648599606,0
551,62.62858922731003,13.311777906230759,1.4395489440671445,32.11742321154586,0
552,62.739773196339584,13.311777906230759,1.4395489440671445,48.10768345678695,0
553,62.85106337007706,13.311777906230759,1.4395489440671445,77.06972790325746,0
554,62.9645597990701,13.311777906230759,1.4395489440671445,148.67189738544124,0
555,63.0774868670738,13.311777906230759,1.4395489440671445,754.2007627277404,0
556,63.18472426521003,13.311777906230759,1.4395489440671445,264.3245039226341,0
557,63.28610830183958,13.311777906230759,1.4395489440671445,109.96744776809238,0
558,63.381745485244,13.311777906230759,1.4395489440671445,66.18592291687632,0
559,63.47294125966208,13.311777906230759,1.4395489440671445,44.62133685295174,0
560,63.56060210520539,13.311777906230759,0.41932353659480287,31.53866538186387,0
561,63.66767887704498,13.504465453923633,0.41932353659480287,22.821463029427665,0
562,63.777978381933956,13.694442061202066,0.41932353659480287,32.0293956921746,0
563,63.88516066681908,13.881819028463948,0.41932353659480287,41.93101713664272,0
564,63.98847987157984,14.06670024243167,0.41932353659480287,57.027062355309845,0
565,64.08730148102161,14.249182849617402,0.41932353659480287,84.02828830748436,0
566,64.18240657633066,14.096398921347424,0.061238800660783056,153.86855668091997,0
567,64.27254639386396,13.83980197503253,0.061238800660783056,1256.2690473277312,0
568,64.3562617854583,13.578356854438017,0.061238800660783056,168.68667251800716,0
569,64.43319247697902,13.311777906230759,0.061238800660783056,67.68961142373126,0
570,64.50323041311168,13.311777906230759,-1.4395489440671445,36.244383697261924,0
571,64.58627883571413,13.311777906230759,-1.4395489440671445,20.98102344577133,0
572,64.7255292983964,13.311777906230759,-1.4395489440671445,12.387493711996699,0
573,64.85509108033102,13.311777906230759,-1.4395489440671445,11.824959675212,0
574,64.96946068862587,13.311777906230759,-1.4395489440671445,11.928185422930618,0
575,65.0846402070326,13.311777906230759,-1.4395489440671445,49.96782626631239,0
576,65.21236907655171,13.311777906230759,-1.4395489440671445,19.607527074462254,0
577,65.36677228673162,13.311777906230759,-1.4395489440671445,14.201322767510613,0
578,65.50413825556983,13.311777906230759,-1.4395489440671445,19.362413086664144,0
579,65.57347039491984,13.311777906230759,-1.4395489440671445,29.480953615796246,0
580,65.65227153574797,13.311777906230759,1.4395489440671445,59.884695527655744,0
581,65.73809243643029,13.311777906230759,1.4395489440671445,107.9075689029655,0
582,65.83132316491702,13.311777906230759,1.4395489440671445,181.18886050437814,0
583,65.93295889872681,13.311777906230759,1.4395489440671445,293.8744887804463,0
584,66.04141543319308,13.311777906230759,1.4395489440671445,477.1593366894347,0
585,66.1510300941477,13.311777906230759,1.4395489440671445,817.846084165037,0
586,66.25997048283993,13.311777906230759,1.4395489440671445,1682.2891377796043,0
587,66.36771659417437,13.311777906230759,1.4395489440671445,9391.726155780658,0
588,66.47377482263047,13.311777906230759,1.4395489440671445,3289.932528994203,0
589,66.57941736056537,13.311777906230759,1.4395489440671445,1473.1966071188303,0
590,66.68565850842691,13.311777906230759,1.4395489440671445,952.4253994315113,0
591,66.7909772392199,13.311777906230759,1.4395489440671445,691.5681084058101,0
592,66.89217065266848,13.311777906230759,1.4395489440671445,527.0803438203889,0
593,66.98863611483549,13.311777906230759,1.4395489440671445,409.6558503690155,0
594,67.08005109276566,13.311777906230759,1.4395489440671445,319.60087760636975,0
595,67.16606526920069,13.311777906230759,1.4395489440671445,247.68103044456223,0
596,67.24700741079127,13.311777906230759,1.4395489440671445,189.08511699954687,0
597,67.32294417939622,13.311777906230759,1.4395489440671445,141.09304411809566,0
598,67.39310406968167,13.311777906230759,1.4395489440671445,102.03738933778271,0
599,67.45659046870772,13.311777906230759,1.4395489440671445,70.78882006522831,0
600,67.5659210301204,13.311777906230759,1.4615428431441102,46.478384747848985,0
601,67.6689116699315,13.311777906230759,1.4615428431441102,59.55843947165327,0
602,67.76080427227238,13.311777906230759,1.4615428431441102,54.669989118338584,0
603,67.84328972408757,13.311777906230759,1.4615428431441102,52.778752152463206,0
604,67.91774198503872,13.311777906230759,1.4615428431441102,55.05763819612596,0
605,67.98528840894477,13.311777906230759,1.4615428431441102,65.76881605200705,0
606,68.04689375572227,13.311777906230759,1.4615428431441102,108.25371658606136,0
607,68.1034581251563,13.311777906230759,1.4615428431441102,1712.4918077210411,0
608,68.15593477208841,13.311777906230759,1.4615428431441102,67.14157362705232,0
609,68.21821993025557,13.311777906230759,1.4395489440671445,29.749295854626016,0
610,68.33632399567327,13.311777906230759,1.4395489440671445,18.162849896197336,0
611,68.49792278290755,13.311777906230759,1.4395489440671445,11.972477000979863,0
612,68.63037698479508,13.311777906230759,1.4395489440671445,12.52270208121721,0
613,68.74904975491864,13.311777906230759,1.4395489440671445,182.98022760445465,0
614,68.87995860182633,13.311777906230759,1.4395489440671445,10,0
615,69.02572996666953,13.311777906230759,1.4395489440671445,10,0
616,69.1758103783281,13.311777906230759,1.4395489440671445,10,0
617,69.3228789510072,13.311777906230759,1.4395489440671445,21.23153545558694,0
618,69.45431233191175,13.311777906230759,1.4395489440671445,33.427289172033454,0
619,69.60185883567877,13.311777906230759,1.4395489440671445,10,0
620,69.74878338129034,13.311777906230759,1.4395489440671445,10,0
621,69.90030046574421,13.311777906230759,1.4395489440671445,10,0
622,70.04666211155642,13.311777906230759,1.4395489440671445,28.106468671073007,0
623,70.17657812597949,13.311777906230759,1.4395489440671445,22.218832136792823,0
624,70.32331917340687,13.311777906230759,1.4395489440671445,10,0
625,70.46304173189898,13.311777906230759,1.4395489440671445,10,0
626,70.60343141655497,13.311777906230759,1.4395489440671445,10,0
627,70.7431987717749,13.311777906230759,1.4395489440671445,32.99220422747397,0
628,70.87979702394415,13.311777906230759,1.4395489440671445,17.41159663430581,0
629,71.04093358341865,13.311777906230759,1.4395489440671445,10,0
630,71.16837775954033,13.311777906230759,1.1061915995900002,10,0
631,71.30253587579554,13.45432012979464,1.1061915995900002,11.317461738452002,0
632,71.43820219459225,13.595367934895368,1.1061915995900002,25.935078201805553,0
633,71.5680919248676,13.734967361277748,1.1061915995900002,825.9760664814345,0
634,71.69325886932698,13.87316213217264,1.1061915995900002,37.26037797911101,0
635,71.8185732587805,14.009993814264615,1.1061915995900002,20.725406518519442,0
636,71.95809918512518,14.145501963730966,1.1061915995900002,16.0437530346314,0
637,72.07906917544358,14.279724259806297,1.1061915995900002,11.939049536431922,0
638,72.20289475918455,14.412696627150812,1.1061915995900002,17.373908775557453,0
639,72.32437928785588,14.544453348148505,1.1061915995900002,26.970658859639887,0
640,72.44175813905159,14.675027166129953,0.9683709550512187,46.201950685787715,0
641,72.55464401118986,14.859943634820045,0.9683709550512187,103.17381791648265,0
642,72.66613827981574,15.042587122347186,0.9683709550512187,4683.26506307733,0
643,72.77865764766788,15.22303944147758,0.9683709550512187,108.69702683386164,0
644,72.8897843820203,15.401377611764431,0.9683709550512187,55.14622679802873,0
645,72.99560115092301,15.577674243722498,0.9683709550512187,36.143725068850344,0
646,73.09744215472594,15.75199788429747,0.9683709550512187,26.18904980504879,0
647,73.20567691519148,15.924413328292149,0.9683709550512187,20.170593926069078,0
648,73.31172705832314,16.094981899761965,0.9683709550512187,21.178757662868783,0
649,73.41660978322368,16.263761706845127,0.9683709550512187,27.974659897702335,0
650,73.51915046569188,16.430807873029813,0.9343273174066037,39.57457130698362,0
651,73.61884948207539,16.622812220446463,0.9343273174066037,62.91991140984688,0
652,73.71537514627646,16.812623973432284,0.9343273174066037,135.93884686317642,0
653,73.80852389810009,17.00031657434166,0.9343273174066037,1312.7978120584523,0
654,73.89951262159776,17.1859594548469,0.9343273174066037,111.98437191478685,0
655,73.98935556532528,17.36961833603281,0.9343273174066037,56.774369961711805,0
656,74.07769537067985,17.551355500224275,0.9343273174066037,36.742639452728675,0
657,74.17029697080089,17.731230037734512,0.9343273174066037,26.34707054722264,0
658,74.2801774633353,17.90929807130543,0.9343273174066037,20.155861728345894,0
659,74.4078655977632,18.085612960656604,0.9343273174066037,23.631466419997093,0
660,74.54675656767853,18.260225489256037,0.9285129779746508,40.39826181682285,0
661,74.68558715639793,18.260225489256037,0.9285129779746508,61.50435552777694,0
662,74.81617501806693,18.260225489256037,0.9285129779746508,85.35154398633657,0
663,74.93546487415901,18.260225489256037,0.9285129779746508,109.4365645111998,0
664,75.04047078957842,18.260225489256037,0.9285129779746508,130.34911195693834,0
665,75.12945252862596,18.260225489256037,0.9285129779746508,143.77103755448277,0
666,75.1994399270369,18.260225489256037,0.9285129779746508,144.47598458868268,0
667,75.24559204093993,18.260225489256037,0.9285129779746508,126.329206861627,0
668,75.26305645669129,18.260225489256037,0.9285129779746508,82.28747142999882,0
669,75.29373128189863,18.260225489256037,0.9285129779746508,10,0
670,75.38194010286921,18.399669934138554,-0.6502672151006048,38.1895733906636,0
671,75.50517992445582,18.53495554044805,-0.6502672151006048,57.03920874158491,0
672,75.64415074620892,18.669260833989366,-0.6502672151006048,60.77410211168898,0
673,75.7863921734408,18.802606821626433,-0.6502672151006048,54.96858749932312,0
674,75.9290239353543,18.935013770520907,-0.6502672151006048,44.1737919444782,0
675,76.06958000233229,19.066501244091953,-0.6502672151006048,31.92040718454015,0
676,76.2009580551412,19.19708813575912,-0.6502672151006048,20.725303434311694,0
677,76.35330954448969,19.32679270063316,-0.6502672151006048,12.109420569918004,0
678,76.50007919897058,19.45563258530523,-0.6502672151006048,10,0
679,76.60271985574732,19.58362485587217,-0.6502672151006048,10,0
680,76.67028311326442,19.710786024323784,-0.9203380020481445,10,0
681,76.73247127345456,19.69486995562971,-0.9986354968104231,10,0
682,76.79321739229928,19.548786856996095,-0.9986354968104231,10,0
683,76.85640320190296,19.401603866468378,-0.9986354968104231,10,0
684,76.92538201522376,19.253295759491625,-0.9986354968104231,10,0
685,77.00280103302796,19.103836332358892,-0.9986354968104231,10,0
686,77.09071319435148,18.953198348158896,-0.9986354968104231,17.14784475968765,0
687,77.19078566491513,18.801353478825682,-0.9986354968104231,34.683252003051436,0
688,77.30360616952561,18.648272242941115,-0.9986354968104231,91.18264668732336,0
689,77.42146622631302,18.493923938903436,-0.9986354968104231,1413.7835847780018,0
690,77.54243249561007,18.368927550080787,-1.060416803314494,205.6457846971915,0
691,77.66704842202019,18.24307474145431,-1.060416803314494,131.2154822616892,0
692,77.8009464141657,18.116347664594528,-1.060416803314494,114.58759104862438,0
693,77.94984031545485,17.988727842363698,-1.060416803314494,112.53528806817636,0
694,78.10616778227411,17.86019613746731,-1.060416803314494,117.29240377875924,0
695,78.26685724744783,17.73073271895365,-1.060416803314494,126.53843623775622,0
696,78.43316974654765,17.60031702649543,-1.060416803314494,139.47210122932833,0
697,78.61071043779968,17.46892773227127,-1.060416803314494,155.86624688902498,0
698,78.80008482280047,17.336542700246998,-1.060416803314494,175.76000724433874,0
699,78.94648444083046,17.203138942636567,-1.060416803314494,10,0
700,79.09282716085684,17.10007470326298,-1.1349932484372696,10.312584948359445,0
701,79.24182728389897,16.996385505003413,-1.1349932484372696,15.205564505000169,0
702,79.38344311834973,16.89205983923233,-1.1349932484372696,27.736217035609243,0
703,79.51275811604297,16.7870858397079,-1.1349932484372696,97.09382047021839,0
704,79.63079106853431,16.681451266818396,-1.1349932484372696,72.8598902238624,0
705,79.74047527067218,16.57514349092498,-1.1349932484372696,25.563388356650844,0
706,79.86715308187205,16.46814947473663,-1.1349932484372696,14.801998043798152,0
707,80.01377194691774,16.36045575464767,-1.1349932484372696,10.449398983608196,0
708,80.15479103788192,16.252048420962193,-1.1349932484372696,17.388686440345705,0
709,80.28569786026641,16.142913096923223,-1.1349932484372696,25.693899060314916,0
710,80.40702325214814,16.06630431057615,-1.228886458700587,47.83582039828239,0
711,80.5197898040134,15.98932847699553,-1.228886458700587,259.55613462698165,0
712,80.62827578375727,15.911980269296548,-1.228886458700587,77.05733656739756,0
713,80.73582065225092,15.834254230487304,-1.228886458700587,32.77171935376785,0
714,80.84378341672415,15.756144768975927,-1.228886458700587,20.397205485777157,0
715,80.97558137387831,15.677646153876223,-1.228886458700587,14.920192882749662,0
716,81.12450395432997,15.598752510100683,-1.228886458700587,20.670730069193734,0
717,81.27374150135758,15.519457813229005,-1.228886458700587,41.18402918318706,0
718,81.4141154287036,15.439755884139402,-1.228886458700587,66.8434287846927,0
719,81.53543999281698,15.35964038338918,-1.228886458700587,92.49220355599623,0
720,81.63046924500402,15.315234966205827,-1.3517091068155331,110.20529513584107,0
721,81.69231624209961,15.27070042379024,-1.3517091068155331,109.28696627876856,0
722,81.71341091034246,15.226035623109558,-1.3517091068155331,76.27002093214954,0
723,81.73729310342007,15.181239414463336,-1.3517091068155331,10,0
724,81.80066554309742,15.136310631138254,-1.3517091068155331,20.807376336733064,0
725,81.89754270373679,15.091248089053561,-1.3517091068155331,32.63970961368954,0
726,82.0218373462552,15.04605058639697,-1.3517091068155331,38.43201767422134,0
727,82.15783049811013,15.000716903250671,-1.3517091068155331,39.77466338270627,0
728,82.29481165831815,14.955245801207155,-1.3517091068155331,38.04540603646422,0
729,82.42958790249999,14.909636022974475,-1.3517091068155331,34.41153975993804,0
730,82.56110425849697,14.905707412602883,-1.51893490654524,29.833469724076533,0
731,82.69183542066484,14.901777766517354,-1.51893490654524,25.070857113639264,0
732,82.82735528794176,14.89784708389831,-1.51893490654524,20.693416077742295,0
733,82.97797795729976,14.893915363925087,-1.51893490654524,17.100094961412452,0
734,83.14333284400418,14.889982605775945,-1.51893490654524,14.552773180548996,0
735,83.3228454970485,14.88604880862805,-1.51893490654524,13.232574574524664,0
736,83.47976190715356,14.882113971657487,-1.51893490654524,13.324228349466289,0
737,83.62742212804078,14.87817809403925,-1.51893490654524,10.448839828772133,0
738,83.7757879373032,14.874241174947239,-1.51893490654524,11.140712172519331,0
739,83.92414203395118,14.870303213554262,-1.51893490654524,11.329208317593771,0
740,84.07189887182169,14.870303213554262,-1.534877026774732,10.941318976591658,0
741,84.22080047988926,14.870303213554262,-1.534877026774732,10.151360930081525,0
742,84.37015210949097,14.870303213554262,-1.534877026774732,10,0
743,84.51589651020142,14.870303213554262,-1.534877026774732,10,0
744,84.66230921228865,14.870303213554262,-1.534877026774732,13.172947428722882,0
745,84.8029556801749,14.870303213554262,-1.534877026774732,22.195277943660624,0
746,84.93292529210056,14.870303213554262,-1.534877026774732,52.29010426292336,0
747,85.05187633711702,14.870303213554262,-1.534877026774732,258.97448556797684,0
748,85.16419200711442,14.870303213554262,-1.534877026774732,36.4333345001238,0
749,85.27812503631583,14.870303213554262,-1.534877026774732,18.20916731705024,0
750,85.41597622799816,14.870303213554262,-1.539332059073859,11.512550180474145,0
751,85.5644163408198,14.870303213554262,-1.539332059073859,10,0
752,85.69816641749372,14.870303213554262,-1.539332059073859,10,0
753,85.8263804069688,14.870303213554262,-1.539332059073859,329.73361387501194,0
754,85.94489090942544,14.870303213554262,-1.539332059073859,365.5890477339322,0
755,86.0559278543957,14.870303213554262,-1.539332059073859,403.37101401043293,0
756,86.16131373490468,14.870303213554262,-1.539332059073859,443.03797208158636,0
757,86.26294043722773,14.870303213554262,-1.539332059073859,484.5407243369169,0
758,86.3612033798415,14.870303213554262,-1.539332059073859,527.8227707305263,0
759,86.45664236451485,14.951938799215128,-1.539332059073859,572.8207167820054,0
760,86.54963940337768,14.951938799215128,-1.5604426723562743,619.4647450959217,0
761,86.64191245231055,14.870303213554262,-1.5473943212769812,667.6791627873519,0
762,86.73492161684965,14.870303213554262,-1.5473943212769812,717.3830401431538,0
763,86.82840908907082,14.870303213554262,-1.5473943212769812,768.4909596118479,0
764,86.92021086004262,14.870303213554262,-1.5473943212769812,820.9138990654993,0
765,87.00977208954328,14.870303213554262,-1.5473943212769812,874.5602795798346,0
766,87.09729101577221,14.870303213554262,-1.5473943212769812,929.3372162384918,0
767,87.18290223114406,14.870303213554262,-1.5473943212769812,985.1520213890626,0
768,87.26670347524534,14.870303213554262,-1.5473943212769812,1041.914024358356,0
769,87.34954666986938,14.870303213554262,-1.5473943212769812,1099.5367912954548,0
770,87.43217015773824,14.870303213554262,-1.534877026774732,1157.940855612588,0
771,87.5144657263924,14.870303213554262,-1.534877026774732,1217.0571064535663,0
772,87.59571044752148,14.870303213554262,-1.534877026774732,1276.8310342240375,0
773,87.67499668914668,14.870303213554262,-1.534877026774732,1337.2281052385113,0
774,87.75236851365077,14.870303213554262,-1.534877026774732,1398.2406423648008,0
775,87.82786297203981,14.870303213554262,-1.534877026774732,1459.8967414008255,0
776,87.90150178336533,14.870303213554262,-1.534877026774732,1522.2719796294161,0
777,87.97291568806605,14.870303213554262,-1.534877026774732,1585.5050155550364,0
778,88.1252612357452,14.870303213554262,-1.534877026774732,10,0
779,88.28376127140905,14.870303213554262,-1.534877026774732,17.037886197139905,0
780,88.42636128586412,14.870303213554262,-1.534877026774732,10,0
781,88.57571308088316,14.870303213554262,-1.534877026774732,10,0
782,88.72578462129286,14.870303213554262,-1.534877026774732,46.225365742811334,0
783,88.86283850902889,14.870303213554262,-1.534877026774732,228.61145314922067,0
784,88.9866287904028,14.870303213554262,-1.534877026774732,32.557468667233,0
785,89.10537337823762,14.870303213554262,-1.534877026774732,17.24585534001747,0
786,89.25491389805579,14.870303213554262,-1.534877026774732,10,0
787,89.40018820752802,14.870303213554262,-1.534877026774732,16.742840055513412,0
788,89.53355231133517,14.870303213554262,-1.534877026774732,49.75319513624222,0
789,89.65414852744357,14.870303213554262,-1.534877026774732,57.843116157581605,0
790,89.77096447822089,14.870303213554262,-1.4432912514138367,17.415329604997176,0
791,89.91912163417393,14.870303213554262,-1.4432912514138367,10,0
792,90.06377445243655,14.870303213554262,-1.4432912514138367,10,0
793,90.20514230394673,14.870303213554262,-1.4432912514138367,13.407410602563225,0
794,90.34033121876696,14.931645389627107,-1.4432912514138367,26.37866713347688,0
795,90.46775657855841,14.992736588765329,-1.4432912514138367,323.44370322718987,0
796,90.59041287393623,15.053579866551107,-1.4432912514138367,38.3138737547741,0
797,90.70551056923418,15.114178217063706,-1.4432912514138367,20.766205622254155,0
798,90.81990448227384,15.174534574598763,-1.4432912514138367,19.962957907554404,0
799,90.93478627699722,15.234651815326252,-1.4432912514138367,19.229769204548194,0
800,91.05193729461317,15.294532758889815,-1.1695382828178797,18.03014488328007,0
801,91.17235451570917,15.429728839043326,-1.1695382828178797,16.540856621228386,0
802,91.29680510065083,15.563750569193047,-1.1695382828178797,14.972329987156993,0
803,91.42583456831812,15.675250968876243,-1.4344393829939814,13.532284808283451,0
804,91.55983204177016,15.631907369748076,-1.4344393829939814,12.401786163883589,0
805,91.72288037016867,15.588443254395635,-1.4344393829939814,11.729183473343344,0
806,91.90325059838294,15.544857611912738,-1.4344393829939814,120.34731369606082,0
807,92.05198685591316,15.50114941718097,-1.4344393829939814,89.01885126494452,0
808,92.1789307244449,15.457317630588385,-1.4344393829939814,66.34334300107169,0
809,92.29092283246577,15.413361197740976,-1.4344393829939814,49.773547234669515,0
810,92.3905742486953,15.413361197740976,-1.564512887658993,37.6246644972055,0
811,92.48055212427526,15.413361197740976,-1.564512887658993,28.741755711127126,0
812,92.5715982340733,15.413361197740976,-1.564512887658993,22.311492629852797,0
813,92.66776753690901,15.413361197740976,-1.564512887658993,17.751359447207687,0
814,92.7679719320022,15.413361197740976,-1.564512887658993,14.643227400224374,0
815,92.87102206630261,15.413361197740976,-1.564512887658993,12.693960485891866,0
816,92.97602954031969,15.413361197740976,-1.564512887658993,11.713252442528741,0
817,93.15016072741936,15.413361197740976,-1.564512887658993,11.602467777517537,0
818,93.31323079665746,15.413361197740976,-1.564512887658993,25.235575130310608,0
819,93.46257805292086,15.413361197740976,-1.564512887658993,21.91254349194345,0
820,93.59356705606125,15.413361197740976,-1.5781043593868673,20.367432190966497,0
821,93.7111219135259,15.413361197740976,-1.5781043593868673,20.522712519750858,0
822,93.81984316159276,15.413361197740976,-1.5781043593868673,22.661888802139853,0
823,93.92224261819334,15.413361197740976,-1.5781043593868673,27.82559371686317,0
824,94.02212211259706,15.413361197740976,-1.5781043593868673,39.35740350538472,0
825,94.122644684097,15.413361197740976,-1.5781043593868673,72.32754954472541,0
826,94.22380321102774,15.413361197740976,-1.5781043593868673,453.7571922992945,0
827,94.32240775075614,15.413361197740976,-1.5781043593868673,114.4511361957599,0
828,94.419305626264,15.413361197740976,-1.5781043593868673,54.241517576210846,0
829,94.5161552115576,15.66241612708807,-1.5781043593868673,37.91795082421858,0
830,94.61472714135658,15.66241612708807,-1.6195392815263194,31.192698043020798,0
831,94.71080793510187,15.413361197740976,-1.581168501000164,28.4508299468288,0
832,94.80466636708795,15.413361197740976,-1.581168501000164,47.05587224579471,0
833,94.89777333900318,15.413361197740976,-1.581168501000164,51.471133877841034,0
834,94.99116063256633,15.413361197740976,-1.581168501000164,56.0621055845817,0
835,95.0844820848404,15.413361197740976,-1.581168501000164,60.7460690873298,0
836,95.17577918439932,15.413361197740976,-1.581168501000164,65.42481195223189,0
837,95.26440714466698,15.413361197740976,-1.581168501000164,69.98370822024182,0
838,95.35035158724405,15.413361197740976,-1.581168501000164,74.2911050966188,0
839,95.43355620575875,15.413361197740976,-1.581168501000164,78.19820658111611,0
840,95.51393948852119,15.413361197740976,-1.564512887658993,81.53975625071968,0
841,95.59202767029329,15.413361197740976,-1.564512887658993,84.13597212569778,0
842,95.6682093866409,15.413361197740976,-1.564512887658993,85.79638029993939,0
843,95.74216353550564,15.413361197740976,-1.564512887658993,86.32642162856143,0
844,95.81337225078849,15.413361197740976,-1.564512887658993,85.53792924553468,0
845,95.88081927053912,15.413361197740976,-1.564512887658993,83.26470103300008,0
846,95.95737014810157,15.413361197740976,-1.564512887658993,79.38423720241221,0
847,96.09360499379878,15.413361197740976,-1.564512887658993,12.337318434935124,0
848,96.22805073612543,15.413361197740976,-1.564512887658993,12.468848955423875,0
849,96.36351125313911,15.413361197740976,-1.564512887658993,13.604366809811813,0
850,96.49855450349115,15.413361197740976,-1.4720145553843187,15.76693383204139,0
851,96.63013756896066,15.46797855358759,-1.4720145553843187,19.048032728500893,0
852,96.7577237252169,15.522403733200093,-1.4720145553843187,23.60312162003139,0
853,96.88132626377372,15.576638750984845,-1.4720145553843187,29.667993857349877,0
854,97.00453008493487,15.630685586400274,-1.4720145553843187,37.61184877073491,0
855,97.13035586659093,15.684546184799858,-1.4720145553843187,48.06293208839658,0
856,97.25475811355255,15.738222458249163,-1.4720145553843187,62.20514414544817,0
857,97.3730543341913,15.791716286317865,-1.4720145553843187,82.55971772698187,0
858,97.4856343992587,15.845029516847719,-1.4720145553843187,115.49761243690298,0
859,97.59258873796436,15.898163966697348,-1.4720145553843187,182.56333421955046,0
860,97.6956008656587,15.951121422464707,-1.3487529166617722,427.58639192196534,0
861,97.79578882257634,16.032759173749913,-1.3487529166617722,984.9768113135082,0
862,97.89184630836431,16.11398333165054,-1.3487529166617722,203.69803142263498,0
863,97.98097204680147,16.194800119234596,-1.3487529166617722,101.99440734527184,0
864,98.06278591251508,16.27521560506067,-1.3487529166617722,60.920439257122915,0
865,98.1374368100236,16.35523570849591,-1.3487529166617722,38.59263373693685,0
866,98.21738347001111,16.434866204800976,-1.3487529166617722,24.82748999455566,0
867,98.30824411639678,16.514112729994267,-1.3487529166617722,15.912146634383936,0
868,98.40693912184885,16.59298078550711,-1.3487529166617722,10.133656346859555,0
869,98.49667540194939,16.67147574264071,-1.3487529166617722,10,0
870,98.62650539038152,16.749602846835117,-1.2227353760908617,10,0
871,98.77502826290264,16.842742918209012,-1.2227353760908617,54.19031335772132,0
872,98.92920460716658,16.93537075150859,-1.2227353760908617,57.15847312011036,0
873,99.07408764999744,17.027494706304427,-1.2227353760908617,57.28540159485605,0
874,99.20701640576205,17.119122917234925,-1.2227353760908617,55.00454949467307,0
875,99.330176170282,17.210263302389386,-1.2227353760908617,50.91025284530392,0
876,99.44857480245774,17.30092357129363,-1.2227353760908617,45.629557553907,0
877,99.56541429271086,17.39111123252095,-1.2227353760908617,39.74245463779648,0
878,99.67794266104558,17.480833600949612,-1.2227353760908617,33.74070572150481,0
879,99.78292606427074,17.570097804686853,-1.2227353760908617,28.01230011529239,0
880,99.88378506226324,17.658910791677794,-1.0808225037834838,22.841119115729768,0
881,99.9922796607393,17.75418848950351,-1.0808225037834838,18.415200958004807,0
882,100.1083719335763,17.84895760242607,-1.0808225037834838,14.84039040525783,0
883,100.23134888268969,17.943226188887767,-1.0808225037834838,12.158769729279676,0
884,100.36065896818384,18.037002096744686,-1.0808225037834838,10.373042823483086,0
885,100.49427519255003,18.130292970891468,-1.0808225037834838,10,0
886,100.59503394156663,18.223106260534756,-1.0808225037834838,10,0
887,100.72674069469512,18.3154492261349,-1.0808225037834838,10,0
888,100.89766664617044,18.407328946034237,-1.0808225037834838,10.301799939083542,0
889,101.1221692438768,18.498752322789077,-1.0808225037834838,10,0
890,101.30528965427628,18.589726089221397,-0.916380088827405,10,0
891,101.46154545178602,18.589726089221397,-0.916380088827405,10,0
892,101.60826798857654,18.589726089221397,-0.916380088827405,10,0
893,101.74403690011562,18.589726089221397,-0.916380088827405,100.18354378504337,0
894,101.87061929164801,18.589726089221397,-0.916380088827405,10,0
895,102.03525676655974,18.589726089221397,-0.916380088827405,10,0
896,102.19160617073382,18.589726089221397,-0.916380088827405,58.23635123874591,0
897,102.30264747389563,18.589726089221397,-0.916380088827405,36.159838961245185,0
898,102.39873844188972,18.589726089221397,-0.916380088827405,47.66477385106902,0
899,102.50126234630733,18.589726089221397,-0.916380088827405,168.46813711107504,0
900,102.61452892907519,18.589726089221397,-0.6557713204911517,56.339114391096416,0
901,102.72213418389276,18.589726089221397,-0.6557713204911517,10,0
902,102.8335121075458,18.589726089221397,-0.6557713204911517,10,0
903,102.95144020580571,18.589726089221397,-0.6557713204911517,10,0
904,103.07764847946308,18.589726089221397,-0.6557713204911517,10.927879201653331,0
905,103.20968113727213,18.589726089221397,-0.6557713204911517,13.919394778953706,0
906,103.34268195418835,18.589726089221397,-0.6557713204911517,17.538761056312058,0
907,103.47437877149332,18.589726089221397,-0.6557713204911517,21.616063570868924,0
908,103.60402830747982,18.589726089221397,-0.6557713204911517,25.920802906465372,0
909,103.731620196108,18.589726089221397,-0.6557713204911517,30.188397676573075,0
910,103.8608835316985,18.589726089221397,-0.39921778427486215,34.15482546048783,0
911,103.99195914060454,18.589726089221397,-0.39921778427486215,37.59092469563082,0
912,104.12030837695721,18.589726089221397,-0.39921778427486215,40.32888212208727,0
913,104.23804479431124,18.589726089221397,-0.39921778427486215,42.27639592501131,0
914,104.38763908248401,18.689176612000196,-0.39921778427486215,13.150830369318971,0
915,104.53654162792174,18.77960224668871,-0.11298499982119563,14.090724511721586,0
916,104.68695952902956,18.601415636759693,-0.11298499982119563,16.286768699854576,0
917,104.83296042277331,18.421505552998113,-0.11298499982119563,19.845771513988062,0
918,104.97185712432542,18.23982099656662,-0.11298499982119563,24.998763206638216,0
919,105.10413932053281,18.05630840272853,-0.11298499982119563,32.172346794492604,0
920,105.23390384131146,17.886671965801636,-0.1732136098310948,42.208067944757005,0
921,105.3641536427959,17.715411225538723,-0.1732136098310948,57.006048005520086,0
922,105.48952080663643,17.54247860958344,-0.1732136098310948,81.79269052213326,0
923,105.60587233486116,17.36782417706495,-0.1732136098310948,137.0318392330857,0
924,105.71346027787195,17.191395450142814,-0.1732136098310948,444.15232343860447,0
925,105.81221967987194,17.013137229827432,-0.1732136098310948,280.45606327968056,0
926,105.90326744253777,16.83299139424391,-0.1732136098310948,89.75557327637138,0
927,105.98707938783453,16.65089667724951,-0.1732136098310948,45.1091936211186,0
928,106.07004379326217,16.466788425014393,-0.1732136098310948,25.130276066961397,0
929,106.1677256708163,16.280598327823743,-0.1732136098310948,14.282117457819199,0
930,106.26671700698172,16.12186680250996,0.4407363618143098,10,0
931,106.35534728093394,15.961556831456264,0.4407363618143098,10,0
932,106.44145111933516,15.799620367899463,0.4407363618143098,10,0
933,106.5597043386693,15.63600687693885,0.4407363618143098,10,0
934,106.7725420044397,15.47066315132013,0.4407363618143098,13.575709196126393,0
935,106.92588473352957,15.30353310930355,0.4407363618143098,10,0
936,107.06254547932902,15.134557572439487,0.4407363618143098,10,0
937,107.20416315292483,14.963674020755093,0.4407363618143098,10,0
938,107.34106470581408,14.790816322480525,0.4407363618143098,19.324416481964295,0
939,107.45817227554939,14.615914435001725,0.4407363618143098,23.738076952736318,0
940,107.5768368118925,14.49078336035164,0.7610945585270826,10,0
941,107.72646326002489,14.364562298308854,0.7610945585270826,10,0
942,107.87058378163353,14.237222258830839,0.7610945585270826,10,0
943,108.0084969404847,14.108732943560184,0.7610945585270826,13.37442652091813,0
944,108.14027356969528,13.979062661639821,0.7610945585270826,130.57870436792263,0
945,108.27085268181835,13.848178238432835,0.7610945585270826,19.354154517488965,0
946,108.4402807695115,13.71604491640199,0.7610945585270826,12.006543285770087,0
947,108.58224794654464,13.582626247309799,0.7610945585270826,10,0
948,108.69892892335514,13.447883974791766,0.7610945585270826,13.508423250213697,0
949,108.8367153716247,13.311777906230759,0.7610945585270826,10,0
950,109.02557679106877,13.311777906230759,1.4395489440671445,10,0
951,109.18719281733573,13.311777906230759,1.4395489440671445,10,0
952,109.34032165233361,13.311777906230759,1.4395489440671445,10,0
953,109.48304585658262,13.311777906230759,1.4395489440671445,18.134207493111436,0
954,109.60683463822171,13.311777906230759,1.4395489440671445,22.302503933147207,0
955,109.74189563023252,13.311777906230759,1.4395489440671445,10,0
956,109.87505142507239,13.311777906230759,1.4395489440671445,10,0
957,110.01576849366394,13.311777906230759,1.4395489440671445,10,0
958,110.15791666010924,13.311777906230759,1.4395489440671445,33.2343202429518,0
959,110.29335803759815,13.311777906230759,1.4395489440671445,22.498722408700708,0
960,110.46111871042336,13.311777906230759,1.9914648069704188,10,0
961,110.63179784188443,13.311777906230759,1.9914648069704188,10,0
962,110.82254720835047,13.311777906230759,1.9914648069704188,10.948570661396607,0
963,111.00642930858426,13.311777906230759,1.9914648069704188,21.53425509280108,0
964,111.15556618478195,13.311777906230759,1.9914648069704188,33.82471100535429,0
965,111.25936161754144,13.311777906230759,1.9914648069704188,42.273031006767106,0
966,111.30701237465017,13.311777906230759,1.9914648069704188,38.26579056844063,0
967,111.4279665430196,13.311777906230759,1.9914648069704188,10.103043009083647,0
968,111.57820943424638,13.311777906230759,1.9914648069704188,0,0
969,111.72845232547316,14.524215203622164,1.7701656500170218,0,0
970,111.87869521669994,14.524215203622164,1.5140128892263347,0,0
971,112.02893810792672,13.311777906230759,1.5140128892263347,0,0
972,112.1791809991535,13.311777906230759,1.5140128892263347,0,0
973,112.32942389038028,13.311777906230759,1.5140128892263347,0,0
974,112.47966678160707,13.311777906230759,1.5140128892263347,0,0
975,112.62990967283385,13.311777906230759,1.5140128892263347,0,0
976,112.78015256406063,13.311777906230759,1.5140128892263347,0,0
977,112.93039545528741,13.311777906230759,1.5140128892263347,0,0
978,113.08063834651419,13.311777906230759,1.5140128892263347,0,0
979,113.23088123774097,13.311777906230759,1.5140128892263347,0,0
980,113.38112412896776,13.311777906230759,0.36604103833187324,0,0
981,113.53136702019454,13.311777906230759,0.36604103833187324,0,0
982,113.68160991142132,13.311777906230759,0.36604103833187324,0,0
983,113.8318528026481,13.311777906230759,0.36604103833187324,0,0
984,113.98209569387488,13.311777906230759,0.36604103833187324,0,0
985,114.13233858510166,13.311777906230759,0.36604103833187324,0,0
986,114.28258147632845,13.311777906230759,0.36604103833187324,0,0
987,114.43282436755523,13.311777906230759,0.36604103833187324,0,0
988,114.58306725878201,13.311777906230759,0.36604103833187324,0,0
989,114.73331015000879,13.311777906230759,0.36604103833187324,0,0
990,114.88355304123557,13.311777906230759,0.38721778479794194,0,0
991,115.03379593246235,13.311777906230759,0.38721778479794194,0,0
992,115.18403882368914,13.311777906230759,0.38721778479794194,0,0
993,115.2289872078478,13.311777906230759,0.38721778479794194,0,0
994,115.33958261090991,13.52404057114405,0.38721778479794194,78.21813284096,0
995,115.48290473696956,13.73302281783174,0.38721778479794194,102.06172244611506,0
996,115.63349470893199,13.938872194701556,0.38721778479794194,92.45966995113348,0
997,115.78093910050184,14.141725510183017,0.38721778479794194,67.2451668839686,0
998,115.91614326178987,14.341709896330286,0.38721778479794194,39.50173211520438,0
